State/UT,Confirmed,Death,Recovered,Date
Andaman and Nicobar Islands,1,0,0,2020-03-26 00:00:00
Andaman and Nicobar Islands,1,0,0,2020-03-27 00:00:00
Andaman and Nicobar Islands,6,0,0,2020-03-28 00:00:00
Andaman and Nicobar Islands,9,0,0,2020-03-29 00:00:00
Andaman and Nicobar Islands,9,0,0,2020-03-30 00:00:00
Andaman and Nicobar Islands,10,0,0,2020-03-31 00:00:00
Andaman and Nicobar Islands,10,0,1,2020-04-01 00:00:00
Andaman and Nicobar Islands,10,0,0,2020-04-02 00:00:00
Andaman and Nicobar Islands,10,0,0,2020-04-03 00:00:00
Andaman and Nicobar Islands,10,0,0,2020-04-04 00:00:00
Andaman and Nicobar Islands,10,0,0,2020-04-05 00:00:00
Andaman and Nicobar Islands,10,0,0,2020-04-06 00:00:00
Andaman and Nicobar Islands,10,0,0,2020-04-07 00:00:00
Andaman and Nicobar Islands,10,0,0,2020-04-08 00:00:00
Andaman and Nicobar Islands,11,0,0,2020-04-09 00:00:00
Andaman and Nicobar Islands,11,0,0,2020-04-10 00:00:00
Andaman and Nicobar Islands,11,0,0,2020-04-11 00:00:00
Andaman and Nicobar Islands,11,0,10,2020-04-12 00:00:00
Andaman and Nicobar Islands,11,0,10,2020-04-13 00:00:00
Andhra Pradesh,1,0,0,2020-03-12 00:00:00
Andhra Pradesh,1,0,0,2020-03-13 00:00:00
Andhra Pradesh,1,0,0,2020-03-14 00:00:00
Andhra Pradesh,1,0,0,2020-03-15 00:00:00
Andhra Pradesh,1,0,0,2020-03-16 00:00:00
Andhra Pradesh,1,0,0,2020-03-17 00:00:00
Andhra Pradesh,1,0,0,2020-03-18 00:00:00
Andhra Pradesh,2,0,0,2020-03-19 00:00:00
Andhra Pradesh,2,0,0,2020-03-20 00:00:00
Andhra Pradesh,3,0,0,2020-03-21 00:00:00
Andhra Pradesh,5,0,0,2020-03-22 00:00:00
Andhra Pradesh,7,0,0,2020-03-23 00:00:00
Andhra Pradesh,8,0,0,2020-03-24 00:00:00
Andhra Pradesh,9,0,1,2020-03-25 00:00:00
Andhra Pradesh,11,0,1,2020-03-26 00:00:00
Andhra Pradesh,12,0,1,2020-03-27 00:00:00
Andhra Pradesh,14,0,1,2020-03-28 00:00:00
Andhra Pradesh,14,0,1,2020-03-29 00:00:00
Andhra Pradesh,19,0,1,2020-03-30 00:00:00
Andhra Pradesh,40,0,1,2020-03-31 00:00:00
Andhra Pradesh,83,0,0,2020-04-01 00:00:00
Andhra Pradesh,86,1,1,2020-04-02 00:00:00
Andhra Pradesh,132,1,1,2020-04-03 00:00:00
Andhra Pradesh,161,1,1,2020-04-04 00:00:00
Andhra Pradesh,161,1,1,2020-04-05 00:00:00
Andhra Pradesh,226,3,1,2020-04-06 00:00:00
Andhra Pradesh,266,3,1,2020-04-07 00:00:00
Andhra Pradesh,305,4,1,2020-04-08 00:00:00
Andhra Pradesh,348,4,6,2020-04-09 00:00:00
Andhra Pradesh,348,4,6,2020-04-10 00:00:00
Andhra Pradesh,363,6,7,2020-04-11 00:00:00
Andhra Pradesh,381,6,11,2020-04-12 00:00:00
Andhra Pradesh,427,7,11,2020-04-13 00:00:00
Arunachal Pradesh,1,0,0,2020-04-03 00:00:00
Arunachal Pradesh,1,0,0,2020-04-04 00:00:00
Arunachal Pradesh,1,0,0,2020-04-05 00:00:00
Arunachal Pradesh,1,0,0,2020-04-06 00:00:00
Arunachal Pradesh,1,0,0,2020-04-07 00:00:00
Arunachal Pradesh,1,0,0,2020-04-08 00:00:00
Arunachal Pradesh,1,0,0,2020-04-09 00:00:00
Arunachal Pradesh,1,0,0,2020-04-10 00:00:00
Arunachal Pradesh,1,0,0,2020-04-11 00:00:00
Arunachal Pradesh,1,0,0,2020-04-12 00:00:00
Arunachal Pradesh,1,0,0,2020-04-13 00:00:00
Assam,1,0,0,2020-04-01 00:00:00
Assam,1,0,0,2020-04-02 00:00:00
Assam,16,0,0,2020-04-03 00:00:00
Assam,24,0,0,2020-04-04 00:00:00
Assam,24,0,0,2020-04-05 00:00:00
Assam,26,0,0,2020-04-06 00:00:00
Assam,26,0,0,2020-04-07 00:00:00
Assam,27,0,0,2020-04-08 00:00:00
Assam,28,0,0,2020-04-09 00:00:00
Assam,29,0,0,2020-04-10 00:00:00
Assam,29,1,0,2020-04-11 00:00:00
Assam,29,1,0,2020-04-12 00:00:00
Assam,29,1,0,2020-04-13 00:00:00
Bihar,2,1,0,2020-03-22 00:00:00
Bihar,2,1,0,2020-03-23 00:00:00
Bihar,3,1,0,2020-03-24 00:00:00
Bihar,4,1,0,2020-03-25 00:00:00
Bihar,6,1,0,2020-03-26 00:00:00
Bihar,6,1,0,2020-03-27 00:00:00
Bihar,9,1,0,2020-03-28 00:00:00
Bihar,9,1,0,2020-03-29 00:00:00
Bihar,11,1,0,2020-03-30 00:00:00
Bihar,15,1,0,2020-03-31 00:00:00
Bihar,23,1,0,2020-04-01 00:00:00
Bihar,23,1,0,2020-04-02 00:00:00
Bihar,24,1,0,2020-04-03 00:00:00
Bihar,29,1,0,2020-04-04 00:00:00
Bihar,30,1,0,2020-04-05 00:00:00
Bihar,30,1,0,2020-04-06 00:00:00
Bihar,32,1,0,2020-04-07 00:00:00
Bihar,38,1,0,2020-04-08 00:00:00
Bihar,38,1,0,2020-04-09 00:00:00
Bihar,39,1,0,2020-04-10 00:00:00
Bihar,60,1,0,2020-04-11 00:00:00
Bihar,63,1,0,2020-04-12 00:00:00
Bihar,64,1,19,2020-04-13 00:00:00
Chandigarh,1,0,0,2020-03-21 00:00:00
Chandigarh,5,0,0,2020-03-22 00:00:00
Chandigarh,6,0,0,2020-03-23 00:00:00
Chandigarh,7,0,0,2020-03-24 00:00:00
Chandigarh,7,0,0,2020-03-25 00:00:00
Chandigarh,7,0,0,2020-03-26 00:00:00
Chandigarh,7,0,0,2020-03-27 00:00:00
Chandigarh,8,0,0,2020-03-28 00:00:00
Chandigarh,8,0,0,2020-03-29 00:00:00
Chandigarh,8,0,0,2020-03-30 00:00:00
Chandigarh,13,0,0,2020-03-31 00:00:00
Chandigarh,16,0,0,2020-04-01 00:00:00
Chandigarh,16,0,0,2020-04-02 00:00:00
Chandigarh,18,0,0,2020-04-03 00:00:00
Chandigarh,18,0,0,2020-04-04 00:00:00
Chandigarh,18,0,0,2020-04-05 00:00:00
Chandigarh,18,0,0,2020-04-06 00:00:00
Chandigarh,18,0,0,2020-04-07 00:00:00
Chandigarh,18,0,7,2020-04-08 00:00:00
Chandigarh,18,0,7,2020-04-09 00:00:00
Chandigarh,18,0,7,2020-04-10 00:00:00
Chandigarh,18,0,7,2020-04-11 00:00:00
Chandigarh,19,0,7,2020-04-12 00:00:00
Chandigarh,21,0,7,2020-04-13 00:00:00
Chhattisgarh,1,0,0,2020-03-19 00:00:00
Chhattisgarh,1,0,0,2020-03-20 00:00:00
Chhattisgarh,1,0,0,2020-03-21 00:00:00
Chhattisgarh,1,0,0,2020-03-22 00:00:00
Chhattisgarh,1,0,0,2020-03-23 00:00:00
Chhattisgarh,1,0,0,2020-03-24 00:00:00
Chhattisgarh,1,0,0,2020-03-25 00:00:00
Chhattisgarh,6,0,0,2020-03-26 00:00:00
Chhattisgarh,6,0,0,2020-03-27 00:00:00
Chhattisgarh,6,0,0,2020-03-28 00:00:00
Chhattisgarh,6,0,0,2020-03-29 00:00:00
Chhattisgarh,7,0,0,2020-03-30 00:00:00
Chhattisgarh,8,0,0,2020-03-31 00:00:00
Chhattisgarh,9,0,2,2020-04-01 00:00:00
Chhattisgarh,9,0,2,2020-04-02 00:00:00
Chhattisgarh,9,0,2,2020-04-03 00:00:00
Chhattisgarh,9,0,3,2020-04-04 00:00:00
Chhattisgarh,9,0,3,2020-04-05 00:00:00
Chhattisgarh,9,0,3,2020-04-06 00:00:00
Chhattisgarh,10,0,8,2020-04-07 00:00:00
Chhattisgarh,10,0,9,2020-04-08 00:00:00
Chhattisgarh,10,0,9,2020-04-09 00:00:00
Chhattisgarh,10,0,9,2020-04-10 00:00:00
Chhattisgarh,18,0,9,2020-04-11 00:00:00
Chhattisgarh,18,0,9,2020-04-12 00:00:00
Chhattisgarh,31,0,10,2020-04-13 00:00:00
Delhi,1,0,0,2020-03-02 00:00:00
Delhi,1,0,0,2020-03-03 00:00:00
Delhi,1,0,0,2020-03-04 00:00:00
Delhi,2,0,0,2020-03-05 00:00:00
Delhi,3,0,0,2020-03-06 00:00:00
Delhi,3,0,0,2020-03-07 00:00:00
Delhi,3,0,0,2020-03-08 00:00:00
Delhi,4,0,0,2020-03-09 00:00:00
Delhi,4,0,0,2020-03-10 00:00:00
Delhi,5,0,0,2020-03-11 00:00:00
Delhi,6,0,0,2020-03-12 00:00:00
Delhi,6,0,0,2020-03-13 00:00:00
Delhi,7,1,1,2020-03-14 00:00:00
Delhi,7,1,2,2020-03-15 00:00:00
Delhi,7,1,2,2020-03-16 00:00:00
Delhi,8,1,2,2020-03-17 00:00:00
Delhi,10,1,2,2020-03-18 00:00:00
Delhi,12,1,3,2020-03-19 00:00:00
Delhi,17,1,3,2020-03-20 00:00:00
Delhi,26,1,5,2020-03-21 00:00:00
Delhi,29,1,5,2020-03-22 00:00:00
Delhi,29,1,5,2020-03-23 00:00:00
Delhi,30,2,6,2020-03-24 00:00:00
Delhi,31,1,6,2020-03-25 00:00:00
Delhi,36,1,6,2020-03-26 00:00:00
Delhi,36,1,6,2020-03-27 00:00:00
Delhi,39,1,6,2020-03-28 00:00:00
Delhi,39,2,6,2020-03-29 00:00:00
Delhi,53,2,6,2020-03-30 00:00:00
Delhi,97,2,6,2020-03-31 00:00:00
Delhi,152,2,6,2020-04-01 00:00:00
Delhi,152,2,6,2020-04-02 00:00:00
Delhi,219,4,8,2020-04-03 00:00:00
Delhi,386,6,8,2020-04-04 00:00:00
Delhi,445,6,15,2020-04-05 00:00:00
Delhi,503,7,18,2020-04-06 00:00:00
Delhi,523,7,19,2020-04-07 00:00:00
Delhi,576,9,21,2020-04-08 00:00:00
Delhi,669,9,21,2020-04-09 00:00:00
Delhi,720,12,25,2020-04-10 00:00:00
Delhi,903,13,25,2020-04-11 00:00:00
Delhi,1069,19,25,2020-04-12 00:00:00
Delhi,1154,24,27,2020-04-13 00:00:00
Goa,3,0,0,2020-03-26 00:00:00
Goa,3,0,0,2020-03-27 00:00:00
Goa,3,0,0,2020-03-28 00:00:00
Goa,3,0,0,2020-03-29 00:00:00
Goa,5,0,0,2020-03-30 00:00:00
Goa,5,0,0,2020-03-31 00:00:00
Goa,5,0,0,2020-04-01 00:00:00
Goa,5,0,0,2020-04-02 00:00:00
Goa,6,0,0,2020-04-03 00:00:00
Goa,6,0,0,2020-04-04 00:00:00
Goa,7,0,0,2020-04-05 00:00:00
Goa,7,0,0,2020-04-06 00:00:00
Goa,7,0,0,2020-04-07 00:00:00
Goa,7,0,0,2020-04-08 00:00:00
Goa,7,0,0,2020-04-09 00:00:00
Goa,7,0,0,2020-04-10 00:00:00
Goa,7,0,1,2020-04-11 00:00:00
Goa,7,0,5,2020-04-12 00:00:00
Goa,7,0,5,2020-04-13 00:00:00
Gujarat,2,0,0,2020-03-20 00:00:00
Gujarat,7,0,0,2020-03-21 00:00:00
Gujarat,18,1,0,2020-03-22 00:00:00
Gujarat,29,1,0,2020-03-23 00:00:00
Gujarat,33,1,0,2020-03-24 00:00:00
Gujarat,38,1,0,2020-03-25 00:00:00
Gujarat,43,3,0,2020-03-26 00:00:00
Gujarat,43,3,0,2020-03-27 00:00:00
Gujarat,45,3,0,2020-03-28 00:00:00
Gujarat,53,4,0,2020-03-29 00:00:00
Gujarat,58,5,1,2020-03-30 00:00:00
Gujarat,73,6,3,2020-03-31 00:00:00
Gujarat,82,6,5,2020-04-01 00:00:00
Gujarat,82,6,5,2020-04-02 00:00:00
Gujarat,87,7,8,2020-04-03 00:00:00
Gujarat,95,9,10,2020-04-04 00:00:00
Gujarat,105,10,14,2020-04-05 00:00:00
Gujarat,122,11,18,2020-04-06 00:00:00
Gujarat,144,12,22,2020-04-07 00:00:00
Gujarat,165,13,25,2020-04-08 00:00:00
Gujarat,179,16,25,2020-04-09 00:00:00
Gujarat,241,17,26,2020-04-10 00:00:00
Gujarat,308,19,31,2020-04-11 00:00:00
Gujarat,432,22,44,2020-04-12 00:00:00
Gujarat,516,25,44,2020-04-13 00:00:00
Haryana,14,0,0,2020-03-04 00:00:00
Haryana,14,0,0,2020-03-05 00:00:00
Haryana,14,0,0,2020-03-06 00:00:00
Haryana,14,0,0,2020-03-07 00:00:00
Haryana,14,0,0,2020-03-08 00:00:00
Haryana,14,0,0,2020-03-09 00:00:00
Haryana,14,0,0,2020-03-10 00:00:00
Haryana,14,0,0,2020-03-11 00:00:00
Haryana,14,0,0,2020-03-12 00:00:00
Haryana,14,0,0,2020-03-13 00:00:00
Haryana,14,0,0,2020-03-14 00:00:00
Haryana,14,0,0,2020-03-15 00:00:00
Haryana,14,0,0,2020-03-16 00:00:00
Haryana,15,0,0,2020-03-17 00:00:00
Haryana,17,0,0,2020-03-18 00:00:00
Haryana,17,0,0,2020-03-19 00:00:00
Haryana,17,0,0,2020-03-20 00:00:00
Haryana,17,0,0,2020-03-21 00:00:00
Haryana,21,0,0,2020-03-22 00:00:00
Haryana,26,0,11,2020-03-23 00:00:00
Haryana,28,0,11,2020-03-24 00:00:00
Haryana,28,0,11,2020-03-25 00:00:00
Haryana,30,0,11,2020-03-26 00:00:00
Haryana,30,0,11,2020-03-27 00:00:00
Haryana,33,0,12,2020-03-28 00:00:00
Haryana,33,0,12,2020-03-29 00:00:00
Haryana,33,0,17,2020-03-30 00:00:00
Haryana,40,0,21,2020-03-31 00:00:00
Haryana,43,0,21,2020-04-01 00:00:00
Haryana,43,0,21,2020-04-02 00:00:00
Haryana,43,0,21,2020-04-03 00:00:00
Haryana,49,0,24,2020-04-04 00:00:00
Haryana,49,0,24,2020-04-05 00:00:00
Haryana,84,1,25,2020-04-06 00:00:00
Haryana,90,1,25,2020-04-07 00:00:00
Haryana,147,3,28,2020-04-08 00:00:00
Haryana,147,3,28,2020-04-09 00:00:00
Haryana,169,3,29,2020-04-10 00:00:00
Haryana,177,3,29,2020-04-11 00:00:00
Haryana,177,3,29,2020-04-12 00:00:00
Haryana,185,3,29,2020-04-13 00:00:00
Himachal Pradesh,2,0,0,2020-03-21 00:00:00
Himachal Pradesh,2,0,0,2020-03-22 00:00:00
Himachal Pradesh,2,0,0,2020-03-23 00:00:00
Himachal Pradesh,3,1,0,2020-03-24 00:00:00
Himachal Pradesh,3,1,0,2020-03-25 00:00:00
Himachal Pradesh,3,1,0,2020-03-26 00:00:00
Himachal Pradesh,3,1,0,2020-03-27 00:00:00
Himachal Pradesh,3,1,0,2020-03-28 00:00:00
Himachal Pradesh,3,1,0,2020-03-29 00:00:00
Himachal Pradesh,3,1,0,2020-03-30 00:00:00
Himachal Pradesh,3,1,0,2020-03-31 00:00:00
Himachal Pradesh,3,1,0,2020-04-01 00:00:00
Himachal Pradesh,3,1,1,2020-04-02 00:00:00
Himachal Pradesh,6,1,1,2020-04-03 00:00:00
Himachal Pradesh,6,1,1,2020-04-04 00:00:00
Himachal Pradesh,6,1,1,2020-04-05 00:00:00
Himachal Pradesh,13,1,1,2020-04-06 00:00:00
Himachal Pradesh,13,1,2,2020-04-07 00:00:00
Himachal Pradesh,18,1,2,2020-04-08 00:00:00
Himachal Pradesh,18,1,2,2020-04-09 00:00:00
Himachal Pradesh,18,1,2,2020-04-10 00:00:00
Himachal Pradesh,28,1,6,2020-04-11 00:00:00
Himachal Pradesh,32,1,6,2020-04-12 00:00:00
Himachal Pradesh,32,1,13,2020-04-13 00:00:00
Jammu and Kashmir,4,0,0,2020-03-21 00:00:00
Jammu and Kashmir,4,0,0,2020-03-22 00:00:00
Jammu and Kashmir,4,0,0,2020-03-23 00:00:00
Jammu and Kashmir,4,0,0,2020-03-24 00:00:00
Jammu and Kashmir,7,0,1,2020-03-25 00:00:00
Jammu and Kashmir,13,1,1,2020-03-26 00:00:00
Jammu and Kashmir,13,1,1,2020-03-27 00:00:00
Jammu and Kashmir,20,1,1,2020-03-28 00:00:00
Jammu and Kashmir,31,1,1,2020-03-29 00:00:00
Jammu and Kashmir,31,2,1,2020-03-30 00:00:00
Jammu and Kashmir,54,2,2,2020-03-31 00:00:00
Jammu and Kashmir,62,2,2,2020-04-01 00:00:00
Jammu and Kashmir,62,2,2,2020-04-02 00:00:00
Jammu and Kashmir,70,2,3,2020-04-03 00:00:00
Jammu and Kashmir,75,2,3,2020-04-04 00:00:00
Jammu and Kashmir,92,2,4,2020-04-05 00:00:00
Jammu and Kashmir,106,2,4,2020-04-06 00:00:00
Jammu and Kashmir,109,2,4,2020-04-07 00:00:00
Jammu and Kashmir,116,2,4,2020-04-08 00:00:00
Jammu and Kashmir,158,4,4,2020-04-09 00:00:00
Jammu and Kashmir,158,4,4,2020-04-10 00:00:00
Jammu and Kashmir,207,4,6,2020-04-11 00:00:00
Jammu and Kashmir,207,4,6,2020-04-12 00:00:00
Jammu and Kashmir,245,4,6,2020-04-13 00:00:00
Jharkhand,1,0,0,2020-04-01 00:00:00
Jharkhand,1,0,0,2020-04-02 00:00:00
Jharkhand,2,0,0,2020-04-03 00:00:00
Jharkhand,2,0,0,2020-04-04 00:00:00
Jharkhand,2,0,0,2020-04-05 00:00:00
Jharkhand,3,0,0,2020-04-06 00:00:00
Jharkhand,4,0,0,2020-04-07 00:00:00
Jharkhand,4,0,0,2020-04-08 00:00:00
Jharkhand,4,0,0,2020-04-09 00:00:00
Jharkhand,13,1,0,2020-04-10 00:00:00
Jharkhand,14,1,0,2020-04-11 00:00:00
Jharkhand,17,1,0,2020-04-12 00:00:00
Jharkhand,19,2,0,2020-04-13 00:00:00
Karnataka,1,0,0,2020-03-09 00:00:00
Karnataka,4,0,0,2020-03-10 00:00:00
Karnataka,4,0,0,2020-03-11 00:00:00
Karnataka,4,1,0,2020-03-12 00:00:00
Karnataka,5,1,0,2020-03-13 00:00:00
Karnataka,6,1,0,2020-03-14 00:00:00
Karnataka,6,1,0,2020-03-15 00:00:00
Karnataka,6,1,0,2020-03-16 00:00:00
Karnataka,11,1,0,2020-03-17 00:00:00
Karnataka,11,1,0,2020-03-18 00:00:00
Karnataka,14,1,0,2020-03-19 00:00:00
Karnataka,15,1,0,2020-03-20 00:00:00
Karnataka,15,1,1,2020-03-21 00:00:00
Karnataka,26,1,2,2020-03-22 00:00:00
Karnataka,33,1,2,2020-03-23 00:00:00
Karnataka,37,1,3,2020-03-24 00:00:00
Karnataka,41,1,3,2020-03-25 00:00:00
Karnataka,55,2,3,2020-03-26 00:00:00
Karnataka,55,2,3,2020-03-27 00:00:00
Karnataka,55,2,3,2020-03-28 00:00:00
Karnataka,76,3,5,2020-03-29 00:00:00
Karnataka,80,3,5,2020-03-30 00:00:00
Karnataka,83,3,5,2020-03-31 00:00:00
Karnataka,101,3,8,2020-04-01 00:00:00
Karnataka,110,3,9,2020-04-02 00:00:00
Karnataka,124,3,10,2020-04-03 00:00:00
Karnataka,128,3,12,2020-04-04 00:00:00
Karnataka,144,4,12,2020-04-05 00:00:00
Karnataka,151,4,12,2020-04-06 00:00:00
Karnataka,151,4,12,2020-04-07 00:00:00
Karnataka,175,4,25,2020-04-08 00:00:00
Karnataka,181,5,28,2020-04-09 00:00:00
Karnataka,181,5,28,2020-04-10 00:00:00
Karnataka,207,6,31,2020-04-11 00:00:00
Karnataka,214,6,37,2020-04-12 00:00:00
Karnataka,232,6,57,2020-04-13 00:00:00
Kerala,1,0,0,2020-01-30 00:00:00
Kerala,1,0,0,2020-01-31 00:00:00
Kerala,2,0,0,2020-02-01 00:00:00
Kerala,3,0,0,2020-02-02 00:00:00
Kerala,3,0,0,2020-02-03 00:00:00
Kerala,3,0,0,2020-02-04 00:00:00
Kerala,3,0,0,2020-02-05 00:00:00
Kerala,3,0,0,2020-02-06 00:00:00
Kerala,3,0,0,2020-02-07 00:00:00
Kerala,3,0,0,2020-02-08 00:00:00
Kerala,3,0,0,2020-02-09 00:00:00
Kerala,3,0,0,2020-02-10 00:00:00
Kerala,3,0,0,2020-02-11 00:00:00
Kerala,3,0,0,2020-02-12 00:00:00
Kerala,3,0,0,2020-02-13 00:00:00
Kerala,3,0,0,2020-02-14 00:00:00
Kerala,3,0,0,2020-02-15 00:00:00
Kerala,3,0,0,2020-02-16 00:00:00
Kerala,3,0,0,2020-02-17 00:00:00
Kerala,3,0,0,2020-02-18 00:00:00
Kerala,3,0,0,2020-02-19 00:00:00
Kerala,3,0,0,2020-02-20 00:00:00
Kerala,3,0,0,2020-02-21 00:00:00
Kerala,3,0,0,2020-02-22 00:00:00
Kerala,3,0,0,2020-02-23 00:00:00
Kerala,3,0,0,2020-02-24 00:00:00
Kerala,3,0,0,2020-02-25 00:00:00
Kerala,3,0,0,2020-02-26 00:00:00
Kerala,3,0,0,2020-02-27 00:00:00
Kerala,3,0,0,2020-02-28 00:00:00
Kerala,3,0,0,2020-02-29 00:00:00
Kerala,3,0,0,2020-03-01 00:00:00
Kerala,3,0,0,2020-03-02 00:00:00
Kerala,3,0,3,2020-03-03 00:00:00
Kerala,3,0,3,2020-03-04 00:00:00
Kerala,3,0,3,2020-03-05 00:00:00
Kerala,3,0,3,2020-03-06 00:00:00
Kerala,3,0,3,2020-03-07 00:00:00
Kerala,8,0,3,2020-03-08 00:00:00
Kerala,9,0,3,2020-03-09 00:00:00
Kerala,15,0,3,2020-03-10 00:00:00
Kerala,17,0,3,2020-03-11 00:00:00
Kerala,17,0,3,2020-03-12 00:00:00
Kerala,17,0,3,2020-03-13 00:00:00
Kerala,19,0,3,2020-03-14 00:00:00
Kerala,23,0,3,2020-03-15 00:00:00
Kerala,23,0,3,2020-03-16 00:00:00
Kerala,26,0,3,2020-03-17 00:00:00
Kerala,27,0,3,2020-03-18 00:00:00
Kerala,27,0,3,2020-03-19 00:00:00
Kerala,28,0,3,2020-03-20 00:00:00
Kerala,40,0,3,2020-03-21 00:00:00
Kerala,52,0,3,2020-03-22 00:00:00
Kerala,67,0,3,2020-03-23 00:00:00
Kerala,95,0,4,2020-03-24 00:00:00
Kerala,109,0,4,2020-03-25 00:00:00
Kerala,118,0,6,2020-03-26 00:00:00
Kerala,137,0,11,2020-03-27 00:00:00
Kerala,176,0,11,2020-03-28 00:00:00
Kerala,182,1,15,2020-03-29 00:00:00
Kerala,194,1,19,2020-03-30 00:00:00
Kerala,234,1,19,2020-03-31 00:00:00
Kerala,241,2,23,2020-04-01 00:00:00
Kerala,265,2,25,2020-04-02 00:00:00
Kerala,286,2,27,2020-04-03 00:00:00
Kerala,295,2,41,2020-04-04 00:00:00
Kerala,306,2,49,2020-04-05 00:00:00
Kerala,314,2,55,2020-04-06 00:00:00
Kerala,327,2,58,2020-04-07 00:00:00
Kerala,336,2,70,2020-04-08 00:00:00
Kerala,345,2,83,2020-04-09 00:00:00
Kerala,357,2,96,2020-04-10 00:00:00
Kerala,364,2,123,2020-04-11 00:00:00
Kerala,364,2,123,2020-04-12 00:00:00
Kerala,376,2,179,2020-04-13 00:00:00
Ladakh,13,0,0,2020-03-21 00:00:00
Ladakh,13,0,0,2020-03-22 00:00:00
Ladakh,13,0,0,2020-03-23 00:00:00
Ladakh,13,0,0,2020-03-24 00:00:00
Ladakh,13,0,0,2020-03-25 00:00:00
Ladakh,13,0,0,2020-03-26 00:00:00
Ladakh,13,0,3,2020-03-27 00:00:00
Ladakh,13,0,3,2020-03-28 00:00:00
Ladakh,13,0,3,2020-03-29 00:00:00
Ladakh,13,0,3,2020-03-30 00:00:00
Ladakh,13,0,3,2020-03-31 00:00:00
Ladakh,13,0,3,2020-04-01 00:00:00
Ladakh,13,0,3,2020-04-02 00:00:00
Ladakh,14,0,3,2020-04-03 00:00:00
Ladakh,14,0,3,2020-04-04 00:00:00
Ladakh,14,0,10,2020-04-05 00:00:00
Ladakh,14,0,10,2020-04-06 00:00:00
Ladakh,14,0,10,2020-04-07 00:00:00
Ladakh,14,0,10,2020-04-08 00:00:00
Ladakh,14,0,10,2020-04-09 00:00:00
Ladakh,15,0,10,2020-04-10 00:00:00
Ladakh,15,0,10,2020-04-11 00:00:00
Ladakh,15,0,10,2020-04-12 00:00:00
Ladakh,15,0,10,2020-04-13 00:00:00
Madhya Pradesh,4,0,0,2020-03-21 00:00:00
Madhya Pradesh,4,0,0,2020-03-22 00:00:00
Madhya Pradesh,6,0,0,2020-03-23 00:00:00
Madhya Pradesh,7,0,0,2020-03-24 00:00:00
Madhya Pradesh,14,0,0,2020-03-25 00:00:00
Madhya Pradesh,20,1,0,2020-03-26 00:00:00
Madhya Pradesh,20,1,0,2020-03-27 00:00:00
Madhya Pradesh,30,2,0,2020-03-28 00:00:00
Madhya Pradesh,30,2,0,2020-03-29 00:00:00
Madhya Pradesh,33,2,0,2020-03-30 00:00:00
Madhya Pradesh,47,3,0,2020-03-31 00:00:00
Madhya Pradesh,66,3,0,2020-04-01 00:00:00
Madhya Pradesh,99,6,0,2020-04-02 00:00:00
Madhya Pradesh,99,6,0,2020-04-03 00:00:00
Madhya Pradesh,104,6,0,2020-04-04 00:00:00
Madhya Pradesh,104,6,0,2020-04-05 00:00:00
Madhya Pradesh,165,9,0,2020-04-06 00:00:00
Madhya Pradesh,165,9,0,2020-04-07 00:00:00
Madhya Pradesh,229,13,0,2020-04-08 00:00:00
Madhya Pradesh,229,13,0,2020-04-09 00:00:00
Madhya Pradesh,259,16,0,2020-04-10 00:00:00
Madhya Pradesh,435,33,0,2020-04-11 00:00:00
Madhya Pradesh,532,36,0,2020-04-12 00:00:00
Madhya Pradesh,564,36,0,2020-04-13 00:00:00
Maharashtra,2,0,0,2020-03-09 00:00:00
Maharashtra,5,0,0,2020-03-10 00:00:00
Maharashtra,10,0,0,2020-03-11 00:00:00
Maharashtra,11,0,0,2020-03-12 00:00:00
Maharashtra,11,0,0,2020-03-13 00:00:00
Maharashtra,14,0,0,2020-03-14 00:00:00
Maharashtra,32,0,0,2020-03-15 00:00:00
Maharashtra,32,0,0,2020-03-16 00:00:00
Maharashtra,39,1,0,2020-03-17 00:00:00
Maharashtra,42,1,0,2020-03-18 00:00:00
Maharashtra,47,1,0,2020-03-19 00:00:00
Maharashtra,47,1,0,2020-03-20 00:00:00
Maharashtra,63,1,0,2020-03-21 00:00:00
Maharashtra,67,2,0,2020-03-22 00:00:00
Maharashtra,74,2,0,2020-03-23 00:00:00
Maharashtra,89,2,0,2020-03-24 00:00:00
Maharashtra,128,3,1,2020-03-25 00:00:00
Maharashtra,124,3,1,2020-03-26 00:00:00
Maharashtra,130,4,15,2020-03-27 00:00:00
Maharashtra,180,5,25,2020-03-28 00:00:00
Maharashtra,186,6,25,2020-03-29 00:00:00
Maharashtra,193,8,25,2020-03-30 00:00:00
Maharashtra,216,9,39,2020-03-31 00:00:00
Maharashtra,302,9,39,2020-04-01 00:00:00
Maharashtra,335,13,42,2020-04-02 00:00:00
Maharashtra,335,16,42,2020-04-03 00:00:00
Maharashtra,423,19,42,2020-04-04 00:00:00
Maharashtra,490,24,42,2020-04-05 00:00:00
Maharashtra,690,45,42,2020-04-06 00:00:00
Maharashtra,748,45,56,2020-04-07 00:00:00
Maharashtra,1018,64,79,2020-04-08 00:00:00
Maharashtra,1135,72,117,2020-04-09 00:00:00
Maharashtra,1364,97,125,2020-04-10 00:00:00
Maharashtra,1574,110,188,2020-04-11 00:00:00
Maharashtra,1761,127,208,2020-04-12 00:00:00
Maharashtra,1985,149,217,2020-04-13 00:00:00
Manipur,1,0,0,2020-03-24 00:00:00
Manipur,1,0,0,2020-03-25 00:00:00
Manipur,1,0,0,2020-03-26 00:00:00
Manipur,1,0,0,2020-03-27 00:00:00
Manipur,1,0,0,2020-03-28 00:00:00
Manipur,1,0,0,2020-03-29 00:00:00
Manipur,1,0,0,2020-03-30 00:00:00
Manipur,1,0,0,2020-03-31 00:00:00
Manipur,1,0,0,2020-04-01 00:00:00
Manipur,1,0,0,2020-04-02 00:00:00
Manipur,2,0,0,2020-04-03 00:00:00
Manipur,2,0,0,2020-04-04 00:00:00
Manipur,2,0,0,2020-04-05 00:00:00
Manipur,2,0,0,2020-04-06 00:00:00
Manipur,2,0,0,2020-04-07 00:00:00
Manipur,2,0,0,2020-04-08 00:00:00
Manipur,1,0,1,2020-04-09 00:00:00
Manipur,2,0,1,2020-04-10 00:00:00
Manipur,2,0,1,2020-04-11 00:00:00
Manipur,2,0,1,2020-04-12 00:00:00
Manipur,2,0,1,2020-04-13 00:00:00
Mizoram,1,0,0,2020-03-25 00:00:00
Mizoram,1,0,0,2020-03-26 00:00:00
Mizoram,1,0,0,2020-03-27 00:00:00
Mizoram,1,0,0,2020-03-28 00:00:00
Mizoram,1,0,0,2020-03-29 00:00:00
Mizoram,1,0,0,2020-03-30 00:00:00
Mizoram,1,0,0,2020-03-31 00:00:00
Mizoram,1,0,0,2020-04-01 00:00:00
Mizoram,1,0,0,2020-04-02 00:00:00
Mizoram,1,0,0,2020-04-03 00:00:00
Mizoram,1,0,0,2020-04-04 00:00:00
Mizoram,1,0,0,2020-04-05 00:00:00
Mizoram,1,0,0,2020-04-06 00:00:00
Mizoram,1,0,0,2020-04-07 00:00:00
Mizoram,1,0,0,2020-04-08 00:00:00
Mizoram,1,0,0,2020-04-09 00:00:00
Mizoram,1,0,0,2020-04-10 00:00:00
Mizoram,1,0,0,2020-04-11 00:00:00
Mizoram,1,0,0,2020-04-12 00:00:00
Mizoram,1,0,0,2020-04-13 00:00:00
Odisha,1,0,0,2020-03-16 00:00:00
Odisha,1,0,0,2020-03-17 00:00:00
Odisha,1,0,0,2020-03-18 00:00:00
Odisha,1,0,0,2020-03-19 00:00:00
Odisha,1,0,0,2020-03-20 00:00:00
Odisha,2,0,0,2020-03-21 00:00:00
Odisha,2,0,0,2020-03-22 00:00:00
Odisha,2,0,0,2020-03-23 00:00:00
Odisha,2,0,0,2020-03-24 00:00:00
Odisha,2,0,0,2020-03-25 00:00:00
Odisha,2,0,0,2020-03-26 00:00:00
Odisha,2,0,0,2020-03-27 00:00:00
Odisha,3,0,0,2020-03-28 00:00:00
Odisha,3,0,0,2020-03-29 00:00:00
Odisha,3,0,0,2020-03-30 00:00:00
Odisha,3,0,0,2020-03-31 00:00:00
Odisha,4,0,0,2020-04-01 00:00:00
Odisha,4,0,0,2020-04-02 00:00:00
Odisha,5,0,0,2020-04-03 00:00:00
Odisha,5,0,0,2020-04-04 00:00:00
Odisha,20,0,0,2020-04-05 00:00:00
Odisha,21,0,2,2020-04-06 00:00:00
Odisha,21,0,2,2020-04-07 00:00:00
Odisha,42,1,2,2020-04-08 00:00:00
Odisha,42,1,2,2020-04-09 00:00:00
Odisha,44,1,2,2020-04-10 00:00:00
Odisha,48,1,2,2020-04-11 00:00:00
Odisha,50,1,2,2020-04-12 00:00:00
Odisha,54,1,12,2020-04-13 00:00:00
Puducherry,1,0,0,2020-03-18 00:00:00
Puducherry,1,0,0,2020-03-19 00:00:00
Puducherry,1,0,0,2020-03-20 00:00:00
Puducherry,1,0,0,2020-03-21 00:00:00
Puducherry,1,0,0,2020-03-22 00:00:00
Puducherry,1,0,0,2020-03-23 00:00:00
Puducherry,1,0,0,2020-03-24 00:00:00
Puducherry,1,0,0,2020-03-25 00:00:00
Puducherry,1,0,0,2020-03-26 00:00:00
Puducherry,1,0,0,2020-03-27 00:00:00
Puducherry,1,0,0,2020-03-28 00:00:00
Puducherry,1,0,0,2020-03-29 00:00:00
Puducherry,1,0,0,2020-03-30 00:00:00
Puducherry,1,0,0,2020-03-31 00:00:00
Puducherry,3,0,1,2020-04-01 00:00:00
Puducherry,3,0,1,2020-04-02 00:00:00
Puducherry,3,0,1,2020-04-03 00:00:00
Puducherry,5,0,1,2020-04-04 00:00:00
Puducherry,5,0,1,2020-04-05 00:00:00
Puducherry,5,0,1,2020-04-06 00:00:00
Puducherry,5,0,1,2020-04-07 00:00:00
Puducherry,5,0,1,2020-04-08 00:00:00
Puducherry,5,0,1,2020-04-09 00:00:00
Puducherry,5,0,1,2020-04-10 00:00:00
Puducherry,5,0,1,2020-04-11 00:00:00
Puducherry,7,0,1,2020-04-12 00:00:00
Puducherry,7,0,1,2020-04-13 00:00:00
Punjab,1,0,0,2020-03-09 00:00:00
Punjab,1,0,0,2020-03-10 00:00:00
Punjab,1,0,0,2020-03-11 00:00:00
Punjab,1,0,0,2020-03-12 00:00:00
Punjab,1,0,0,2020-03-13 00:00:00
Punjab,1,0,0,2020-03-14 00:00:00
Punjab,1,0,0,2020-03-15 00:00:00
Punjab,1,0,0,2020-03-16 00:00:00
Punjab,1,0,0,2020-03-17 00:00:00
Punjab,1,0,0,2020-03-18 00:00:00
Punjab,2,1,0,2020-03-19 00:00:00
Punjab,2,1,0,2020-03-20 00:00:00
Punjab,13,1,0,2020-03-21 00:00:00
Punjab,21,1,0,2020-03-22 00:00:00
Punjab,21,1,0,2020-03-23 00:00:00
Punjab,29,1,0,2020-03-24 00:00:00
Punjab,29,1,0,2020-03-25 00:00:00
Punjab,33,1,0,2020-03-26 00:00:00
Punjab,33,1,0,2020-03-27 00:00:00
Punjab,38,1,1,2020-03-28 00:00:00
Punjab,38,1,1,2020-03-29 00:00:00
Punjab,38,1,1,2020-03-30 00:00:00
Punjab,41,3,1,2020-03-31 00:00:00
Punjab,42,3,1,2020-04-01 00:00:00
Punjab,46,4,1,2020-04-02 00:00:00
Punjab,46,4,1,2020-04-03 00:00:00
Punjab,53,5,1,2020-04-04 00:00:00
Punjab,57,5,1,2020-04-05 00:00:00
Punjab,68,6,4,2020-04-06 00:00:00
Punjab,76,6,4,2020-04-07 00:00:00
Punjab,91,7,4,2020-04-08 00:00:00
Punjab,101,8,4,2020-04-09 00:00:00
Punjab,101,8,4,2020-04-10 00:00:00
Punjab,132,11,5,2020-04-11 00:00:00
Punjab,151,11,5,2020-04-12 00:00:00
Punjab,151,11,5,2020-04-13 00:00:00
Rajasthan,0,0,0,2020-03-03 00:00:00
Rajasthan,1,0,0,2020-03-04 00:00:00
Rajasthan,1,0,0,2020-03-05 00:00:00
Rajasthan,1,0,0,2020-03-06 00:00:00
Rajasthan,1,0,0,2020-03-07 00:00:00
Rajasthan,1,0,0,2020-03-08 00:00:00
Rajasthan,1,0,0,2020-03-09 00:00:00
Rajasthan,1,0,0,2020-03-10 00:00:00
Rajasthan,3,0,0,2020-03-11 00:00:00
Rajasthan,3,0,0,2020-03-12 00:00:00
Rajasthan,3,0,0,2020-03-13 00:00:00
Rajasthan,3,0,1,2020-03-14 00:00:00
Rajasthan,4,0,3,2020-03-15 00:00:00
Rajasthan,4,0,3,2020-03-16 00:00:00
Rajasthan,4,0,3,2020-03-17 00:00:00
Rajasthan,4,0,3,2020-03-18 00:00:00
Rajasthan,7,0,3,2020-03-19 00:00:00
Rajasthan,7,0,3,2020-03-20 00:00:00
Rajasthan,17,0,3,2020-03-21 00:00:00
Rajasthan,24,0,3,2020-03-22 00:00:00
Rajasthan,28,0,3,2020-03-23 00:00:00
Rajasthan,32,0,3,2020-03-24 00:00:00
Rajasthan,36,0,3,2020-03-25 00:00:00
Rajasthan,41,0,3,2020-03-26 00:00:00
Rajasthan,41,0,3,2020-03-27 00:00:00
Rajasthan,54,0,3,2020-03-28 00:00:00
Rajasthan,54,0,3,2020-03-29 00:00:00
Rajasthan,57,0,3,2020-03-30 00:00:00
Rajasthan,74,0,3,2020-03-31 00:00:00
Rajasthan,93,0,3,2020-04-01 00:00:00
Rajasthan,108,0,3,2020-04-02 00:00:00
Rajasthan,133,0,3,2020-04-03 00:00:00
Rajasthan,179,0,3,2020-04-04 00:00:00
Rajasthan,200,0,21,2020-04-05 00:00:00
Rajasthan,253,0,21,2020-04-06 00:00:00
Rajasthan,288,3,21,2020-04-07 00:00:00
Rajasthan,328,3,21,2020-04-08 00:00:00
Rajasthan,381,3,21,2020-04-09 00:00:00
Rajasthan,463,3,21,2020-04-10 00:00:00
Rajasthan,553,3,21,2020-04-11 00:00:00
Rajasthan,700,3,21,2020-04-12 00:00:00
Rajasthan,804,3,21,2020-04-13 00:00:00
Tamil Nadu,1,0,0,2020-03-07 00:00:00
Tamil Nadu,1,0,0,2020-03-08 00:00:00
Tamil Nadu,1,0,0,2020-03-09 00:00:00
Tamil Nadu,1,0,0,2020-03-10 00:00:00
Tamil Nadu,1,0,0,2020-03-11 00:00:00
Tamil Nadu,1,0,0,2020-03-12 00:00:00
Tamil Nadu,1,0,0,2020-03-13 00:00:00
Tamil Nadu,1,0,0,2020-03-14 00:00:00
Tamil Nadu,1,0,0,2020-03-15 00:00:00
Tamil Nadu,1,0,0,2020-03-16 00:00:00
Tamil Nadu,1,0,0,2020-03-17 00:00:00
Tamil Nadu,1,0,0,2020-03-18 00:00:00
Tamil Nadu,2,0,1,2020-03-19 00:00:00
Tamil Nadu,3,0,1,2020-03-20 00:00:00
Tamil Nadu,3,0,1,2020-03-21 00:00:00
Tamil Nadu,7,0,1,2020-03-22 00:00:00
Tamil Nadu,9,0,1,2020-03-23 00:00:00
Tamil Nadu,15,0,1,2020-03-24 00:00:00
Tamil Nadu,18,0,1,2020-03-25 00:00:00
Tamil Nadu,26,1,1,2020-03-26 00:00:00
Tamil Nadu,29,1,1,2020-03-27 00:00:00
Tamil Nadu,40,1,2,2020-03-28 00:00:00
Tamil Nadu,42,1,2,2020-03-29 00:00:00
Tamil Nadu,50,1,4,2020-03-30 00:00:00
Tamil Nadu,74,1,4,2020-03-31 00:00:00
Tamil Nadu,234,1,6,2020-04-01 00:00:00
Tamil Nadu,234,1,6,2020-04-02 00:00:00
Tamil Nadu,309,1,6,2020-04-03 00:00:00
Tamil Nadu,411,1,6,2020-04-04 00:00:00
Tamil Nadu,485,3,6,2020-04-05 00:00:00
Tamil Nadu,571,5,8,2020-04-06 00:00:00
Tamil Nadu,621,5,8,2020-04-07 00:00:00
Tamil Nadu,690,7,19,2020-04-08 00:00:00
Tamil Nadu,738,8,21,2020-04-09 00:00:00
Tamil Nadu,834,8,21,2020-04-10 00:00:00
Tamil Nadu,911,8,44,2020-04-11 00:00:00
Tamil Nadu,969,10,44,2020-04-12 00:00:00
Tamil Nadu,1043,11,50,2020-04-13 00:00:00
Telengana,1,0,0,2020-03-02 00:00:00
Telengana,1,0,0,2020-03-03 00:00:00
Telengana,1,0,0,2020-03-04 00:00:00
Telengana,1,0,0,2020-03-05 00:00:00
Telengana,1,0,0,2020-03-06 00:00:00
Telengana,1,0,0,2020-03-07 00:00:00
Telengana,1,0,0,2020-03-08 00:00:00
Telengana,1,0,0,2020-03-09 00:00:00
Telengana,1,0,0,2020-03-10 00:00:00
Telengana,1,0,0,2020-03-11 00:00:00
Telengana,1,0,0,2020-03-12 00:00:00
Telengana,1,0,0,2020-03-13 00:00:00
Telengana,1,0,0,2020-03-14 00:00:00
Telengana,3,0,1,2020-03-15 00:00:00
Telengana,3,0,1,2020-03-16 00:00:00
Telengana,5,0,1,2020-03-17 00:00:00
Telengana,6,0,1,2020-03-18 00:00:00
Telengana,6,0,1,2020-03-19 00:00:00
Telengana,16,0,1,2020-03-20 00:00:00
Telengana,21,0,1,2020-03-21 00:00:00
Telengana,22,0,1,2020-03-22 00:00:00
Telengana,32,0,1,2020-03-23 00:00:00
Telengana,35,0,1,2020-03-24 00:00:00
Telengana,35,0,1,2020-03-25 00:00:00
Telengana,44,0,1,2020-03-26 00:00:00
Telengana,45,0,1,2020-03-27 00:00:00
Telengana,56,0,1,2020-03-28 00:00:00
Telengana,66,1,1,2020-03-29 00:00:00
Telengana,69,1,1,2020-03-30 00:00:00
Telengana,79,1,1,2020-03-31 00:00:00
Telengana,96,3,1,2020-04-01 00:00:00
Telengana,96,3,1,2020-04-02 00:00:00
Telengana,107,3,1,2020-04-03 00:00:00
Telengana,158,7,1,2020-04-04 00:00:00
Telengana,269,7,32,2020-04-05 00:00:00
Telengana,321,7,34,2020-04-06 00:00:00
Telengana,321,7,34,2020-04-07 00:00:00
Telengana,364,7,35,2020-04-08 00:00:00
Telengana,427,7,35,2020-04-09 00:00:00
Telengana,442,7,35,2020-04-10 00:00:00
Telengana,473,7,43,2020-04-11 00:00:00
Telengana,504,9,43,2020-04-12 00:00:00
Telengana,504,9,43,2020-04-13 00:00:00
Tripura,1,0,0,2020-04-07 00:00:00
Tripura,1,0,0,2020-04-08 00:00:00
Tripura,1,0,0,2020-04-09 00:00:00
Tripura,1,0,0,2020-04-10 00:00:00
Tripura,1,0,0,2020-04-11 00:00:00
Tripura,2,0,0,2020-04-12 00:00:00
Tripura,2,0,0,2020-04-13 00:00:00
Union Territory of Chandigarh,1,0,0,2020-03-19 00:00:00
Union Territory of Chandigarh,1,0,0,2020-03-20 00:00:00
Union Territory of Jammu and Kashmir,1,0,0,2020-03-09 00:00:00
Union Territory of Jammu and Kashmir,1,0,0,2020-03-10 00:00:00
Union Territory of Jammu and Kashmir,1,0,0,2020-03-11 00:00:00
Union Territory of Jammu and Kashmir,1,0,0,2020-03-12 00:00:00
Union Territory of Jammu and Kashmir,1,0,0,2020-03-13 00:00:00
Union Territory of Jammu and Kashmir,2,0,0,2020-03-14 00:00:00
Union Territory of Jammu and Kashmir,2,0,0,2020-03-15 00:00:00
Union Territory of Jammu and Kashmir,3,0,0,2020-03-16 00:00:00
Union Territory of Jammu and Kashmir,3,0,0,2020-03-17 00:00:00
Union Territory of Jammu and Kashmir,3,0,0,2020-03-18 00:00:00
Union Territory of Jammu and Kashmir,4,0,0,2020-03-19 00:00:00
Union Territory of Jammu and Kashmir,4,0,0,2020-03-20 00:00:00
Union Territory of Ladakh,2,0,0,2020-03-07 00:00:00
Union Territory of Ladakh,2,0,0,2020-03-08 00:00:00
Union Territory of Ladakh,2,0,0,2020-03-09 00:00:00
Union Territory of Ladakh,2,0,0,2020-03-10 00:00:00
Union Territory of Ladakh,2,0,0,2020-03-11 00:00:00
Union Territory of Ladakh,3,0,0,2020-03-12 00:00:00
Union Territory of Ladakh,3,0,0,2020-03-13 00:00:00
Union Territory of Ladakh,3,0,0,2020-03-14 00:00:00
Union Territory of Ladakh,3,0,0,2020-03-15 00:00:00
Union Territory of Ladakh,4,0,0,2020-03-16 00:00:00
Union Territory of Ladakh,6,0,0,2020-03-17 00:00:00
Union Territory of Ladakh,8,0,0,2020-03-18 00:00:00
Union Territory of Ladakh,8,0,0,2020-03-19 00:00:00
Union Territory of Ladakh,10,0,0,2020-03-20 00:00:00
Uttar Pradesh,6,0,0,2020-03-04 00:00:00
Uttar Pradesh,7,0,0,2020-03-05 00:00:00
Uttar Pradesh,7,0,0,2020-03-06 00:00:00
Uttar Pradesh,7,0,0,2020-03-07 00:00:00
Uttar Pradesh,7,0,0,2020-03-08 00:00:00
Uttar Pradesh,7,0,0,2020-03-09 00:00:00
Uttar Pradesh,7,0,0,2020-03-10 00:00:00
Uttar Pradesh,9,0,0,2020-03-11 00:00:00
Uttar Pradesh,11,0,0,2020-03-12 00:00:00
Uttar Pradesh,11,0,0,2020-03-13 00:00:00
Uttar Pradesh,12,0,5,2020-03-14 00:00:00
Uttar Pradesh,13,0,4,2020-03-15 00:00:00
Uttar Pradesh,13,0,4,2020-03-16 00:00:00
Uttar Pradesh,15,0,5,2020-03-17 00:00:00
Uttar Pradesh,16,0,5,2020-03-18 00:00:00
Uttar Pradesh,19,0,9,2020-03-19 00:00:00
Uttar Pradesh,19,0,9,2020-03-20 00:00:00
Uttar Pradesh,24,0,9,2020-03-21 00:00:00
Uttar Pradesh,27,0,9,2020-03-22 00:00:00
Uttar Pradesh,31,0,9,2020-03-23 00:00:00
Uttar Pradesh,33,0,11,2020-03-24 00:00:00
Uttar Pradesh,37,0,11,2020-03-25 00:00:00
Uttar Pradesh,41,0,11,2020-03-26 00:00:00
Uttar Pradesh,41,0,11,2020-03-27 00:00:00
Uttar Pradesh,55,0,11,2020-03-28 00:00:00
Uttar Pradesh,55,0,11,2020-03-29 00:00:00
Uttar Pradesh,75,0,11,2020-03-30 00:00:00
Uttar Pradesh,101,0,14,2020-03-31 00:00:00
Uttar Pradesh,103,2,14,2020-04-01 00:00:00
Uttar Pradesh,113,2,14,2020-04-02 00:00:00
Uttar Pradesh,113,2,14,2020-04-03 00:00:00
Uttar Pradesh,174,2,19,2020-04-04 00:00:00
Uttar Pradesh,227,2,19,2020-04-05 00:00:00
Uttar Pradesh,227,2,19,2020-04-06 00:00:00
Uttar Pradesh,305,3,21,2020-04-07 00:00:00
Uttar Pradesh,326,3,21,2020-04-08 00:00:00
Uttar Pradesh,361,4,27,2020-04-09 00:00:00
Uttar Pradesh,410,4,31,2020-04-10 00:00:00
Uttar Pradesh,431,4,32,2020-04-11 00:00:00
Uttar Pradesh,452,5,45,2020-04-12 00:00:00
Uttar Pradesh,483,5,46,2020-04-13 00:00:00
Uttarakhand,1,0,0,2020-03-15 00:00:00
Uttarakhand,1,0,0,2020-03-16 00:00:00
Uttarakhand,1,0,0,2020-03-17 00:00:00
Uttarakhand,1,0,0,2020-03-18 00:00:00
Uttarakhand,1,0,0,2020-03-19 00:00:00
Uttarakhand,1,0,0,2020-03-20 00:00:00
Uttarakhand,3,0,0,2020-03-21 00:00:00
Uttarakhand,3,0,0,2020-03-22 00:00:00
Uttarakhand,3,0,0,2020-03-23 00:00:00
Uttarakhand,4,0,0,2020-03-24 00:00:00
Uttarakhand,4,0,0,2020-03-25 00:00:00
Uttarakhand,5,0,0,2020-03-26 00:00:00
Uttarakhand,5,0,0,2020-03-27 00:00:00
Uttarakhand,5,0,0,2020-03-28 00:00:00
Uttarakhand,6,0,1,2020-03-29 00:00:00
Uttarakhand,7,0,2,2020-03-30 00:00:00
Uttarakhand,7,0,2,2020-03-31 00:00:00
Uttarakhand,7,0,2,2020-04-01 00:00:00
Uttarakhand,7,0,2,2020-04-02 00:00:00
Uttarakhand,10,0,2,2020-04-03 00:00:00
Uttarakhand,16,0,2,2020-04-04 00:00:00
Uttarakhand,22,0,2,2020-04-05 00:00:00
Uttarakhand,26,0,4,2020-04-06 00:00:00
Uttarakhand,31,0,5,2020-04-07 00:00:00
Uttarakhand,31,0,5,2020-04-08 00:00:00
Uttarakhand,33,0,5,2020-04-09 00:00:00
Uttarakhand,35,0,5,2020-04-10 00:00:00
Uttarakhand,35,0,5,2020-04-11 00:00:00
Uttarakhand,35,0,5,2020-04-12 00:00:00
Uttarakhand,35,0,5,2020-04-13 00:00:00
West Bengal,1,0,0,2020-03-18 00:00:00
West Bengal,1,0,0,2020-03-19 00:00:00
West Bengal,1,0,0,2020-03-20 00:00:00
West Bengal,3,0,0,2020-03-21 00:00:00
West Bengal,4,0,0,2020-03-22 00:00:00
West Bengal,7,1,0,2020-03-23 00:00:00
West Bengal,9,1,0,2020-03-24 00:00:00
West Bengal,9,1,0,2020-03-25 00:00:00
West Bengal,10,1,0,2020-03-26 00:00:00
West Bengal,10,1,0,2020-03-27 00:00:00
West Bengal,15,1,0,2020-03-28 00:00:00
West Bengal,18,1,0,2020-03-29 00:00:00
West Bengal,19,1,0,2020-03-30 00:00:00
West Bengal,26,2,0,2020-03-31 00:00:00
West Bengal,53,3,3,2020-04-03 00:00:00
West Bengal,69,3,10,2020-04-05 00:00:00
West Bengal,80,3,10,2020-04-06 00:00:00
West Bengal,91,3,13,2020-04-07 00:00:00
West Bengal,99,5,13,2020-04-08 00:00:00
West Bengal,103,5,16,2020-04-09 00:00:00
West Bengal,116,5,16,2020-04-10 00:00:00
West Bengal,116,5,16,2020-04-11 00:00:00
West Bengal,134,5,19,2020-04-12 00:00:00
West Bengal,152,7,29,2020-04-13 00:00:00
Andaman and Nicobar Islands,11,0,10,2020-04-15 19:24:27.630189
Andhra Pradesh,503,9,16,2020-04-15 19:24:27.630189
Arunachal Pradesh,1,0,0,2020-04-15 19:24:27.630189
Assam,33,1,0,2020-04-15 19:24:27.630189
Bihar,70,1,29,2020-04-15 19:24:27.630189
Chandigarh,21,0,7,2020-04-15 19:24:27.630189
Chhattisgarh,33,0,13,2020-04-15 19:24:27.630189
Delhi,1561,30,30,2020-04-15 19:24:27.630189
Goa,7,0,5,2020-04-15 19:24:27.630189
Gujarat,695,30,59,2020-04-15 19:24:27.630189
Haryana,199,3,34,2020-04-15 19:24:27.630189
Himachal Pradesh,33,1,13,2020-04-15 19:24:27.630189
Jammu and Kashmir,278,4,30,2020-04-15 19:24:27.630189
Jharkhand,27,2,0,2020-04-15 19:24:27.630189
Karnataka,277,11,75,2020-04-15 19:24:27.630189
Kerala,387,3,211,2020-04-15 19:24:27.630189
Ladakh,17,0,10,2020-04-15 19:24:27.630189
Madhya Pradesh,987,53,64,2020-04-15 19:24:27.630189
Maharashtra,2687,178,259,2020-04-15 19:24:27.630189
Manipur,2,0,1,2020-04-15 19:24:27.630189
Meghalaya,7,1,0,2020-04-15 19:24:27.630189
Mizoram,1,0,0,2020-04-15 19:24:27.630189
Nagaland,0,0,0,2020-04-15 19:24:27.630189
Odisha,60,1,18,2020-04-15 19:24:27.630189
Puducherry,7,0,1,2020-04-15 19:24:27.630189
Punjab,186,13,14,2020-04-15 19:24:27.630189
Rajasthan,1005,3,147,2020-04-15 19:24:27.630189
Tamil Nadu,1204,12,81,2020-04-15 19:24:27.630189
Telengana,647,18,120,2020-04-15 19:24:27.630189
Tripura,2,0,0,2020-04-15 19:24:27.630189
Uttarakhand,37,0,9,2020-04-15 19:24:27.630189
Uttar Pradesh,735,11,51,2020-04-15 19:24:27.630189
West Bengal,213,7,37,2020-04-15 19:24:27.630189
Andaman and Nicobar Islands,11,0,10,2020-04-16 19:12:30.166805
Andhra Pradesh,534,14,20,2020-04-16 19:12:30.166805
Arunachal Pradesh,1,0,0,2020-04-16 19:12:30.166805
Assam,33,1,5,2020-04-16 19:12:30.166805
Bihar,74,1,29,2020-04-16 19:12:30.166805
Chandigarh,21,0,7,2020-04-16 19:12:30.166805
Chhattisgarh,33,0,17,2020-04-16 19:12:30.166805
Delhi,1578,32,42,2020-04-16 19:12:30.166805
Goa,7,0,5,2020-04-16 19:12:30.166805
Gujarat,871,36,64,2020-04-16 19:12:30.166805
Haryana,205,3,43,2020-04-16 19:12:30.166805
Himachal Pradesh,35,1,16,2020-04-16 19:12:30.166805
Jammu and Kashmir,300,4,36,2020-04-16 19:12:30.166805
Jharkhand,28,2,0,2020-04-16 19:12:30.166805
Karnataka,315,13,82,2020-04-16 19:12:30.166805
Kerala,388,3,218,2020-04-16 19:12:30.166805
Ladakh,17,0,10,2020-04-16 19:12:30.166805
Madhya Pradesh,1120,53,64,2020-04-16 19:12:30.166805
Maharashtra,2919,187,295,2020-04-16 19:12:30.166805
Manipur,2,0,1,2020-04-16 19:12:30.166805
Meghalaya,7,1,0,2020-04-16 19:12:30.166805
Mizoram,1,0,0,2020-04-16 19:12:30.166805
Nagaland,0,0,0,2020-04-16 19:12:30.166805
Odisha,60,1,18,2020-04-16 19:12:30.166805
Puducherry,7,0,1,2020-04-16 19:12:30.166805
Punjab,186,13,27,2020-04-16 19:12:30.166805
Rajasthan,1023,3,147,2020-04-16 19:12:30.166805
Tamil Nadu,1242,14,118,2020-04-16 19:12:30.166805
Telengana,698,18,120,2020-04-16 19:12:30.166805
Tripura,2,0,1,2020-04-16 19:12:30.166805
Uttarakhand,37,0,9,2020-04-16 19:12:30.166805
Uttar Pradesh,773,13,68,2020-04-16 19:12:30.166805
West Bengal,231,7,42,2020-04-16 19:12:30.166805
Andaman and Nicobar Islands,11,0,10,2020-04-17 21:24:54.957614
Andhra Pradesh,572,14,36,2020-04-17 21:24:54.957614
Arunachal Pradesh,1,0,0,2020-04-17 21:24:54.957614
Assam,35,1,5,2020-04-17 21:24:54.957614
Bihar,83,1,37,2020-04-17 21:24:54.957614
Chandigarh,21,0,9,2020-04-17 21:24:54.957614
Chhattisgarh,36,0,23,2020-04-17 21:24:54.957614
Delhi,1640,38,51,2020-04-17 21:24:54.957614
Goa,7,0,6,2020-04-17 21:24:54.957614
Gujarat,1021,38,74,2020-04-17 21:24:54.957614
Haryana,205,3,43,2020-04-17 21:24:54.957614
Himachal Pradesh,35,1,16,2020-04-17 21:24:54.957614
Jammu and Kashmir,314,4,38,2020-04-17 21:24:54.957614
Jharkhand,29,2,0,2020-04-17 21:24:54.957614
Karnataka,353,13,82,2020-04-17 21:24:54.957614
Kerala,395,3,245,2020-04-17 21:24:54.957614
Ladakh,18,0,14,2020-04-17 21:24:54.957614
Madhya Pradesh,1308,57,65,2020-04-17 21:24:54.957614
Maharashtra,3205,194,300,2020-04-17 21:24:54.957614
Manipur,2,0,1,2020-04-17 21:24:54.957614
Meghalaya,9,1,0,2020-04-17 21:24:54.957614
Mizoram,1,0,0,2020-04-17 21:24:54.957614
Nagaland,0,0,0,2020-04-17 21:24:54.957614
Odisha,60,1,19,2020-04-17 21:24:54.957614
Puducherry,7,0,1,2020-04-17 21:24:54.957614
Punjab,186,13,27,2020-04-17 21:24:54.957614
Rajasthan,1131,11,164,2020-04-17 21:24:54.957614
Tamil Nadu,1267,15,180,2020-04-17 21:24:54.957614
Telengana,743,18,186,2020-04-17 21:24:54.957614
Tripura,2,0,1,2020-04-17 21:24:54.957614
Uttarakhand,37,0,9,2020-04-17 21:24:54.957614
Uttar Pradesh,846,14,74,2020-04-17 21:24:54.957614
West Bengal,255,10,51,2020-04-17 21:24:54.957614
Andaman and Nicobar Islands,12,0,11,2020-04-18 19:06:24.885088
Andhra Pradesh,603,15,42,2020-04-18 19:06:24.885088
Arunachal Pradesh,1,0,0,2020-04-18 19:06:24.885088
Assam,35,1,9,2020-04-18 19:06:24.885088
Bihar,85,2,37,2020-04-18 19:06:24.885088
Chandigarh,21,0,9,2020-04-18 19:06:24.885088
Chhattisgarh,36,0,24,2020-04-18 19:06:24.885088
Delhi,1707,42,72,2020-04-18 19:06:24.885088
Goa,7,0,6,2020-04-18 19:06:24.885088
Gujarat,1272,48,88,2020-04-18 19:06:24.885088
Haryana,225,3,43,2020-04-18 19:06:24.885088
Himachal Pradesh,38,1,16,2020-04-18 19:06:24.885088
Jammu and Kashmir,328,5,42,2020-04-18 19:06:24.885088
Jharkhand,33,2,0,2020-04-18 19:06:24.885088
Karnataka,371,13,92,2020-04-18 19:06:24.885088
Kerala,396,3,255,2020-04-18 19:06:24.885088
Ladakh,18,0,14,2020-04-18 19:06:24.885088
Madhya Pradesh,1355,69,69,2020-04-18 19:06:24.885088
Maharashtra,3323,201,331,2020-04-18 19:06:24.885088
Manipur,2,0,1,2020-04-18 19:06:24.885088
Meghalaya,11,1,0,2020-04-18 19:06:24.885088
Mizoram,1,0,0,2020-04-18 19:06:24.885088
Nagaland,0,0,0,2020-04-18 19:06:24.885088
Odisha,60,1,21,2020-04-18 19:06:24.885088
Puducherry,7,0,3,2020-04-18 19:06:24.885088
Punjab,202,13,27,2020-04-18 19:06:24.885088
Rajasthan,1229,11,183,2020-04-18 19:06:24.885088
Tamil Nadu,1323,15,283,2020-04-18 19:06:24.885088
Telengana,791,18,186,2020-04-18 19:06:24.885088
Tripura,2,0,1,2020-04-18 19:06:24.885088
Uttarakhand,42,0,9,2020-04-18 19:06:24.885088
Uttar Pradesh,969,14,86,2020-04-18 19:06:24.885088
West Bengal,287,10,55,2020-04-18 19:06:24.885088
Andaman and Nicobar Islands,14,0,11,2020-04-19 21:15:20.053687
Andhra Pradesh,603,15,42,2020-04-19 21:15:20.053687
Arunachal Pradesh,1,0,0,2020-04-19 21:15:20.053687
Assam,35,1,12,2020-04-19 21:15:20.053687
Bihar,86,2,37,2020-04-19 21:15:20.053687
Chandigarh,23,0,10,2020-04-19 21:15:20.053687
Chhattisgarh,36,0,24,2020-04-19 21:15:20.053687
Delhi,1893,43,72,2020-04-19 21:15:20.053687
Goa,7,0,6,2020-04-19 21:15:20.053687
Gujarat,1604,58,94,2020-04-19 21:15:20.053687
Haryana,233,3,87,2020-04-19 21:15:20.053687
Himachal Pradesh,39,1,16,2020-04-19 21:15:20.053687
Jammu and Kashmir,341,5,51,2020-04-19 21:15:20.053687
Jharkhand,35,2,0,2020-04-19 21:15:20.053687
Karnataka,384,14,104,2020-04-19 21:15:20.053687
Kerala,400,3,257,2020-04-19 21:15:20.053687
Ladakh,18,0,14,2020-04-19 21:15:20.053687
Madhya Pradesh,1407,70,127,2020-04-19 21:15:20.053687
Maharashtra,3651,211,365,2020-04-19 21:15:20.053687
Manipur,2,0,1,2020-04-19 21:15:20.053687
Meghalaya,11,1,0,2020-04-19 21:15:20.053687
Mizoram,1,0,0,2020-04-19 21:15:20.053687
Nagaland,0,0,0,2020-04-19 21:15:20.053687
Odisha,61,1,24,2020-04-19 21:15:20.053687
Puducherry,7,0,3,2020-04-19 21:15:20.053687
Punjab,219,16,31,2020-04-19 21:15:20.053687
Rajasthan,1351,11,183,2020-04-19 21:15:20.053687
Tamil Nadu,1372,15,365,2020-04-19 21:15:20.053687
Telengana,844,18,186,2020-04-19 21:15:20.053687
Tripura,2,0,1,2020-04-19 21:15:20.053687
Uttarakhand,42,0,9,2020-04-19 21:15:20.053687
Uttar Pradesh,1084,17,108,2020-04-19 21:15:20.053687
